<?xml version="1.0" encoding="UTF-8" standalone="yes"?>
<addon id="plugin.video.ArawakTV" name="•[COLOR white]Arawak TV[/COLOR]" version="1.5" provider-name="Simply Caz / Team X | CazWall.com">
	<requires>
		<import addon="xbmc.python" version="2.1.0" />
		<import addon="script.module.pyxbmct" version="1.1.4" />
		<import addon="script.module.urlresolver" version="3.0.0"/>
		<import addon="script.module.liveresolver" version="0.1.24"/>
		<import addon="plugin.video.youtube" optional="true" />
	</requires>
	<extension point="xbmc.python.pluginsource" library="default.py">
		<provides>video</provides>
	</extension>
	<extension point="xbmc.addon.metadata">
		<summary lang="en">ArawakTV</summary>
		<description lang="en">Simply Caz, assisted by TeamX, created this add-on for all Caribbean / African viewers. It's in no way or form perfect, but it will play as a central hub for many Caribbean / African Live TV channels and Radio. **DISCLAIMER: This is not an official KODI add-on, nor do CazWall.com own the streams. All of these links are available on the internet. Lots of research was only done to get them*** "Peace in the Caribbean, peace in the Middle East and to God be the Glory!" </description>
		<platform>all</platform>
	</extension>
</addon>

