<?xml version="1.0" encoding="UTF-8" standalone="yes"?>
<addon id="plugin.video.ChristianTV" name="[COLOR white]Christian[/COLOR] • [COLOR white]TV[/COLOR]" version="1.4" provider-name="Simply Caz | CazWall.com">
	<requires>
		<import addon="xbmc.python" version="2.1.0" />
		<import addon="script.module.pyxbmct" version="1.1.4" />
		<import addon="script.module.urlresolver" version="3.0.0"/>
		<import addon="script.module.liveresolver" version="0.1.24"/>
		<import addon="plugin.video.youtube" optional="true" />
	</requires>
	<extension point="xbmc.python.pluginsource" library="default.py">
		<provides>video</provides>
	</extension>
	<extension point="xbmc.addon.metadata">
		<summary lang="en">Christian Live TV</summary>
		<description lang="en">This add-on will allow you to watch many Christian Live TV networks such as TBN, 3ABN, Hope TV, Gospel Minsitries International, Good News TV, LLBN, International and more Christian channels for free on KODI. **DISCLAIMER: This is not an official KODI add-on, nor do CazWall.com own the streams. All of these links are available on the internet. Lots of research was only done to get them*** "Peace in the Caribbean, peace in the Middle East and to God be the Glory!" </description>
		<platform>all</platform>
	</extension>
</addon>

